code;name;calories;protein;fat;carbo;fiber
321358;Hummus, commercial;229;7,35;17,1;14,9;5,4
321360;Tomatoes, grape, raw;27;0,83;0,63;5,51;2,1
321611;Beans, snap, green, canned, regular pack, drained solids;21;1,04;0,39;4,11;-
323121;Frankfurter, beef, unheated;314;11,7;28;2,89;-
323294;Nuts, almonds, dry roasted, with salt added;620;20,4;57,8;16,2;11
323505;Kale, raw;35;2,92;1,49;4,42;4,1
323604;Egg, whole, raw, frozen, pasteurized;150;12,3;10,3;0,91;-
323697;Egg, white, raw, frozen, pasteurized;48;10,1;0,16;0,74;-
323793;Egg, white, dried;376;79,9;0,65;6,02;-
324317;Onion rings, breaded, par fried, frozen, prepared, heated in oven;288;4,52;14,4;36,3;2,4
324653;Pickles, cucumber, dill or kosher dill;12;0,48;0,43;1,99;1
325036;Cheese, parmesan, grated;421;29,6;28;12,4;-
325198;Cheese, pasteurized process, American, vitamin D fortified;366;18;30,6;5,27;-
325287;Grapefruit juice, white, canned or bottled, unsweetened;37;0,55;0,7;7,59;0,2
325430;Peaches, yellow, raw;42;0,91;0,27;10,1;1,5
325524;Seeds, sunflower seed kernels, dry roasted, with salt added;612;21;56,1;17,1;10,3
326196;Kale, frozen, cooked, boiled, drained, without salt;36;2,94;1,21;5,3;-
326698;Mustard, prepared, yellow;61;4,25;3,38;5,3;4,3
327046;Kiwifruit, green, raw;58;1,06;0,44;14;3
327357;Nectarines, raw;39;1,06;0,28;9,18;1,5
328637;Cheese, cheddar;408;23,3;34;2,44;-
328841;Cheese, cottage, lowfat, 2% milkfat;84;11;2,3;4,31;-
329370;Cheese, mozzarella, low moisture, part-skim;298;23,7;20,4;4,44;-
329490;Egg, whole, dried;575;48,1;39,8;1,87;-
329596;Egg, yolk, raw, frozen, pasteurized;296;15,6;25,1;0,59;-
329716;Egg, yolk, dried;654;34,2;55,5;1,07;-
330137;Yogurt, Greek, plain, nonfat;61;10,3;0,37;3,64;-
330415;Yogurt, Greek, strawberry, nonfat;83;8,06;0,15;12,2;0,6
330458;Oil, coconut;833;-;99,1;0,84;-
331897;Chicken, broilers or fryers, drumstick, meat only, cooked, braised;156;23,9;5,95;-;-
331960;Chicken, broiler or fryers, breast, skinless, boneless, meat only, cooked, braised;166;32,1;3,24;-;-
332282;Sauce, pasta, spaghetti/marinara, ready-to-serve;45;1,41;1,48;8,05;1,8
332397;Ham, sliced, pre-packaged, deli meat (96%fat free, water added);106;16,7;3,73;0,27;-
332791;Olives, green, Manzanilla, stuffed with pimiento;130;1,15;12,9;4,96;4
333008;Cookies, oatmeal, soft, with raisins;430;5,79;14,3;69,6;3,3
333281;Tomatoes, canned, red, ripe, diced;18;0,84;0,5;3,32;-
333374;Fish, haddock, raw;74;16,3;0,45;-;-
333476;Fish, pollock, raw;56;12,3;0,41;-;-
334194;Fish, tuna, light, canned in water, drained solids;90;19;0,94;0,08;-
334536;Restaurant, Chinese, fried rice, without meat;174;3,84;3,19;32,5;-
334628;Restaurant, Latino, tamale, pork;174;7,38;9,04;15,8;2,4
334720;Restaurant, Latino, pupusas con frijoles (pupusas, bean);229;5,59;9,01;31,5;5,8
746758;Beef, loin, tenderloin roast, separable lean only, boneless, trimmed to 0" fat, select, cooked, roasted;176;27,7;6,36;-;-
746759;Beef, loin, top loin steak, boneless, lip-on, separable lean only, trimmed to 1/8" fat, choice, raw;155;22,8;6,39;-;-
746760;Beef, round, eye of round roast, boneless, separable lean only, trimmed to 0" fat, select, raw;122;23,4;2,48;-;-
746761;Beef, round, top round roast, boneless, separable lean only, trimmed to 0" fat, select, raw;123;23,7;2,41;-;-
746762;Beef, short loin, porterhouse steak, separable lean only, trimmed to 1/8" fat, select, raw;145;22,7;5,32;-;-
746763;Beef, short loin, t-bone steak, bone-in, separable lean only, trimmed to 1/8" fat, choice, cooked, grilled;219;27,3;11,4;-;-
746764;Carrots, frozen, unprepared;37;0,81;0,47;7,92;3,2
746765;Cheese, dry white, queso seco;326;24,5;24,3;2,07;-
746766;Cheese, ricotta, whole milk;157;7,81;11;6,86;-
746767;Cheese, swiss;393;27;31;1,44;-
746768;Figs, dried, uncooked;249;3,3;0,92;63,9;9,8
746769;Lettuce, cos or romaine, raw;17;1,24;0,26;3,24;1,8
746770;Melons, cantaloupe, raw;34;0,82;0,18;8,16;0,8
746771;Oranges, raw, navels;47;0,91;0,15;11,8;2
746772;Milk, lowfat, fluid, 1% milkfat, with added vitamin A and vitamin D;43;3,38;0,95;5,18;-
746773;Pears, raw, bartlett;57;0,38;0,16;15,1;3,1
746774;Restaurant, Chinese, sweet and sour pork;260;8,88;13,6;25,5;1
746775;Salt, table, iodized;-;-;-;-;-
746776;Milk, nonfat, fluid, with added vitamin A and vitamin D (fat free or skim);34;3,43;0,08;4,92;-
746777;Sauce, salsa, ready-to-serve;29;1,44;0,19;6,74;1,8
746778;Milk, reduced fat, fluid, 2% milkfat, with added vitamin A and vitamin D;50;3,36;1,9;4,9;-
746779;Sausage, breakfast sausage, beef, pre-cooked, unprepared;328;13,3;28,7;3,37;-
746780;Sausage, Italian, pork, mild, cooked, pan-fried;322;18,2;26,2;2,15;-
746781;Sausage, pork, chorizo, link or ground, cooked, pan-fried;346;19,3;28,1;2,63;-
746782;Milk, whole, 3.25% milkfat, with added vitamin D;60;3,27;3,2;4,63;-
746783;Sausage, turkey, breakfast links, mild, raw;169;16,7;10,4;0,93;-
746784;Sugars, granulated;385;-;0,32;99,6;-
746785;Turkey, ground, 93% lean, 7% fat, pan-broiled crumbles;220;27,1;11,6;-;-
746952;Ham, sliced, restaurant;121;19,6;3,68;2,36;-
747429;Cheese, American, restaurant;375;17,5;31,1;6,35;-
747430;Beans, Dry, Medium Red (0% moisture);-;25,5;1,04;-;4,3
747431;Beans, Dry, Red (0% moisture);-;21,3;1,16;-;4
747432;Beans, Dry, Flor de Mayo (0% moisture);-;23,3;0,86;-;4
747433;Beans, Dry, Brown (0% moisture);-;25,6;1,12;-;4,1
747434;Beans, Dry, Tan (0% moisture);-;26,8;1,14;-;4,4
747435;Beans, Dry, Light Tan (0% moisture);-;24,6;1,28;-;4,3
747436;Beans, Dry, Carioca (0% moisture);-;25,2;1,44;-;4,5
747437;Beans, Dry, Cranberry (0% moisture);-;24,4;1,23;-;4,3
747438;Beans, Dry, Light Red Kidney (0% moisture);-;25;1,03;-;4,5
747439;Beans, Dry, Pink (0% moisture);-;23,4;1,2;-;4,1
747440;Beans, Dry, Dark Red Kidney (0% moisture);-;25,9;1,31;-;4,3
747441;Beans, Dry, Navy (0% moisture);-;24,1;1,51;-;4,3
747442;Beans, Dry, Small White (0% moisture);-;24,5;1,32;-;4,3
747443;Beans, Dry, Small Red (0% moisture);-;23,5;1,28;-;4,1
747444;Beans, Dry, Black (0% moisture);-;24,4;1,45;-;4,2
747445;Beans, Dry, Pinto (0% moisture);-;23,7;1,24;-;4,1
747446;Beans, Dry, Great Northern (0% moisture);-;24,7;1,24;-;4,3
747447;Broccoli, raw;31;2,57;0,34;6,27;2,4
747693;Ketchup, restaurant;117;1,11;0,55;26,8;-
747997;Eggs, Grade A, Large, egg white;55;10,7;-;2,36;-
748236;Eggs, Grade A, Large, egg yolk;334;16,2;28,8;1,02;-
748278;Oil, canola;-;-;-;-;-
748323;Oil, corn;-;-;-;-;-
748366;Oil, soybean;-;-;-;-;-
748608;Oil, olive, extra virgin;-;-;-;-;-
748967;Eggs, Grade A, Large, egg whole;148;12,4;9,96;0,96;-
749420;Pork, cured, bacon, cooked, restaurant;500;40,9;36,5;2,1;-
789828;Butter, stick, unsalted;-;-;81,5;-;-
789890;Flour, wheat, all-purpose, enriched, bleached;366;10,9;1,48;77,3;-
789951;Flour, wheat, all-purpose, enriched, unbleached;358;13,1;1,48;73,2;-
790018;Flour, wheat, all-purpose, unenriched, unbleached;362;12;1,7;74,6;3
790085;Flour, whole wheat, unenriched;370;15,1;2,73;71,2;10,6
790146;Flour, bread, white, enriched, unbleached;363;14,3;1,65;72,8;-
790214;Flour, rice, white, unenriched;359;6,94;1,3;79,8;0,5
790276;Flour, corn, yellow, fine meal, enriched;364;6,2;1,74;80,8;4,3
790508;Butter, stick, salted;-;-;82,2;-;-
790577;Onions, red, raw;44;0,94;0,1;9,93;2,2
790646;Onions, yellow, raw;38;0,83;0,05;8,61;1,9
1104647;Garlic, raw;143;6,62;0,38;28,2;2,7
1104705;Flour, soy, defatted;366;51,1;3,33;32,9;-
1104766;Flour, soy, full-fat;452;38,6;20,7;27,9;-
1104812;Flour, rice, brown;365;7,19;3,85;75,5;-
1104867;Flour, rice, glutinous;358;6,69;1,16;80,1;-
1104913;Flour, pastry, unenriched, unbleached;358;8,75;1,64;77,2;-
1104962;Onions, white, raw;35;0,89;0,13;7,68;1,2
1105073;Bananas, overripe, raw;85;0,73;0,22;20,1;1,7
1105314;Bananas, ripe and slightly ripe, raw;97;0,74;0,29;23;1,7
1750339;Apples, red delicious, with skin, raw;-;0,188;0,212;14,8;2,04
1750340;Apples, fuji, with skin, raw;-;0,148;0,162;15,7;2,08
1750341;Apples, gala, with skin, raw;-;0,133;0,15;14,8;2,11
1750342;Apples, granny smith, with skin, raw;-;0,266;0,138;14,1;2,51
1750343;Apples, honeycrisp, with skin, raw;-;0,102;0,1;14,7;1,72
1750348;Oil, peanut;-;-;-;-;-
1750349;Oil, sunflower;-;-;-;-;-
1750350;Oil, safflower;-;-;-;-;-
1750351;Oil, olive, extra light;-;-;-;-;-
1999626;Mushroom, lion's mane;-;2,5;0,256;7,59;4,38
1999627;Mushroom, oyster;-;2,9;0,188;6,94;2,85
1999628;Mushrooms, shiitake;-;2,41;0,195;8,17;4,17
1999629;Mushrooms, white button;-;2,89;0,371;4,08;1,72
1999630;Soy milk, unsweetened, plain, shelf stable;-;3,55;2,12;1,29;-
1999631;Almond milk, unsweetened, plain, shelf stable;-;0,555;1,22;0,337;-
1999632;Spinach, baby;-;2,85;0,619;2,41;1,56
1999633;Spinach, mature;-;2,91;0,604;2,64;1,59
1999634;Tomato, roma;-;0,696;0,425;3,84;0,971
2003586;Flour, 00;-;11,4;1,52;74,4;2,66
2003587;Flour, spelt, whole grain;-;14,5;2,54;70,7;9,34
2003588;Flour, semolina, coarse and semi-coarse;-;11,7;1,6;73,8;3,22
2003589;Flour, semolina, fine;-;13,3;1,84;72;3,68
2003590;Apple juice, with added vitamin C, from concentrate, shelf stable;-;0,086;0,286;11,4;-
2003591;Orange juice, no pulp, not fortified, from concentrate, refrigerated;-;0,734;0,325;10,3;-
2003592;Grape juice, purple, with added vitamin C, from concentrate, shelf stable;-;0,258;0,288;15,6;-
2003593;Grape juice, white, with added vitamin C, from concentrate, shelf stable;-;0,094;0,265;15,8;-
2003594;Cranberry juice, not fortified, from concentrate, shelf stable;-;-;0,338;7,26;-
2003595;Grapefruit juice, red, not fortified, not from concentrate, refrigerated;-;0,57;0,267;9,1;-
2003596;Tomato juice, with added ingredients, from concentrate, shelf stable;-;0,859;0,288;4,32;-
2003597;Orange juice, no pulp, not fortified, not from concentrate, refrigerated;-;0,812;0,356;10;-
2003598;Mushroom, portabella;-;2,75;0,312;4,66;1,88
2003599;Mushroom, king oyster;-;2,41;0,308;8,5;3,01
2003600;Mushroom, enoki;-;2,42;0,245;8,14;2,94
2003601;Mushroom, crimini;-;3,09;0,197;4,01;1,78
2003602;Mushroom, maitake;-;2,2;0,265;6,6;3,07
2003603;Mushroom, beech;-;2,18;0,449;6,76;3,14
2003604;Mushroom, pioppini;-;3,5;0,24;5,76;2,75
2257044;Soy milk, sweetened, plain, refrigerated;-;2,78;1,96;3;-
2257045;Almond milk, unsweetened, plain, refrigerated;-;0,656;1,56;0,671;-
2257046;Oat milk, unsweetened, plain, refrigerated;-;0,797;2,75;5,1;-
2258586;Carrots, mature, raw;-;0,941;0,351;10,3;3,1
2258587;Carrots, baby, raw;-;0,805;0,138;9,08;2,69
2258588;Peppers, bell, green, raw;-;0,715;0,106;4,78;0,942
2258589;Peppers, bell, yellow, raw;-;0,819;0,121;6,6;1,07
2258590;Peppers, bell, red, raw;-;0,896;0,126;6,65;1,16
2258591;Peppers, bell, orange, raw;-;0,882;0,156;6,7;0,967
2259792;Buttermilk, low fat;-;3,46;1,08;4,81;-
2259793;Yogurt, plain, whole milk;-;3,82;4,48;5,57;-
2259794;Yogurt, Greek, plain, whole milk;-;8,78;4,39;4,75;-
2259795;Cheese, parmesan, grated, refrigerated;-;30,1;29,5;4,33;-
2259796;Cheese, feta, whole milk, crumbled;-;19,7;19,1;5,58;-
2261420;Flour, almond;-;26,2;50,2;16,2;9,27
2261421;Flour, oat, whole grain;-;13,2;6,31;69,9;10,5
2261422;Flour, potato;-;8,11;0,951;79,9;5,4
2262072;Peanut butter, creamy;-;24;49,4;22,7;6,32
2262073;Sesame butter, creamy;-;19,7;62,4;14,2;8,37
2262074;Almond butter, creamy;-;20,8;53;21,2;9,72
2262075;Flaxseed, ground;-;18;37,3;34,4;23,1
2346384;Cottage cheese, full fat, large or small curd;-;11,6;4,22;4,6;-
2346385;Cream cheese, full fat, block;-;5,79;33,5;4,56;-
2346386;Cream, heavy;-;2,02;35,6;3,8;-
2346387;Cream, sour, full fat;-;3,07;18;5,56;-
2346388;Lettuce, iceberg, raw;-;0,742;0,074;3,37;-
2346389;Lettuce, romaine, green, raw;-;0,977;0,071;4,06;-
2346390;Lettuce, leaf, red, raw;-;0,883;0,106;3,26;-
2346391;Lettuce, leaf, green, raw;-;1,09;0,156;4,07;-
2346392;Nuts, pine nuts, raw;-;15,7;61,3;18,6;3,94
2346393;Nuts, almonds, whole, raw;-;21,5;51,1;20;10,8
2346394;Nuts, walnuts, English, halves, raw;-;14,6;69,7;10,9;5,21
2346395;Nuts, pecans, halves, raw;-;9,96;73,3;12,7;5,79
2346396;Oats, whole grain, rolled, old fashioned;-;13,5;5,89;68,7;-
2346397;Oats, whole grain, steel cut;-;12,5;5,8;69,8;-
2346398;Pineapple, raw;-;0,461;0,211;14,1;0,935
2346399;Cherries, sweet, dark red, raw;-;1,04;0,192;16,2;-
2346400;Beans, snap, green, raw;-;1,97;0,275;7,41;3,01
2346401;Potatoes, russet, without skin, raw;-;2,27;0,36;17,8;-
2346402;Potatoes, red, without skin, raw;-;2,06;0,248;16,3;-
2346403;Potatoes, gold, without skin, raw;-;1,81;0,264;16;-
2346404;Sweet potatoes, orange flesh, without skin, raw;-;1,58;0,375;17,3;-
2346405;Celery, raw;-;0,492;0,162;3,32;-
2346406;Cucumber, with peel, raw;-;0,625;0,178;2,95;-
2346407;Cabbage, green, raw;-;0,961;0,228;6,38;-
2346408;Cabbage, red, raw;-;1,24;0,214;6,79;-
2346409;Strawberries, raw;-;0,641;0,22;7,96;-
2346410;Raspberries, raw;-;1,01;0,188;12,9;-
2346411;Blueberries, raw;-;0,703;0,306;14,6;-
2346412;Grapes, red, seedless, raw;-;0,914;0,164;20,2;-
2346413;Grapes, green, seedless, raw;-;0,899;0,232;18,6;-
2346414;Applesauce, unsweetened, with added vitamin C;-;0,273;0,162;12,3;-
2512371;Flour, amaranth;-;13,2;6,24;68,8;7,21
2512372;Flour, quinoa;-;11,9;6,6;69,5;6,3
2512373;Flour, sorghum;-;8,27;3,59;77,4;6,02
2512374;Flour, buckwheat;-;8,88;2,48;75;10,4
2512375;Flour, rye;-;8,4;1,91;77,2;13,7
2512376;Flour, barley;-;8,72;2,45;77,4;12,8
2512377;Flour, cassava;-;0,918;0,494;87,3;4,83
2512378;Buckwheat, whole grain;-;11,1;3,04;71,1;4,05
2512379;Millet, whole grain;-;10;4,19;74,4;2,62
2512380;Rice, brown, long grain, unenriched, raw;-;7,25;3,31;76,7;3,02
2512381;Rice, white, long grain, unenriched, raw;-;7,04;1,03;80,3;0,149
2514743;Beef, ground, 90% lean meat / 10% fat, raw;-;18,2;12,8;-;-
2514744;Beef, ground, 80% lean meat / 20% fat, raw;-;17,5;19,4;-;-
2514745;Pork, ground, raw;-;17,8;17,5;-;-
2514746;Chicken, ground, with additives, raw;-;17,9;7,16;-;-
2514747;Turkey, ground, 93% lean/ 7% fat, raw;-;17,3;9,59;-;-
2515373;Nuts, brazilnuts, raw;-;15;57,4;21,6;5,98
2515374;Nuts, cashew nuts, raw;-;17,4;38,9;36,3;4,1
2515375;Nuts, hazelnuts or filberts, raw;-;13,5;53,5;26,5;8,41
2515376;Peanuts, raw;-;23,2;43,3;26,5;8,01
2515377;Flour, chestnut;-;5,29;4,64;80,5;8,71
2515378;Nuts, macadamia nuts, raw;-;7,79;64,9;24,1;7,56
2515379;Nuts, pistachio nuts, raw;-;20,5;45;27,7;6,97
2515380;Seeds, pumpkin seeds (pepitas), raw;-;29,9;40;18,7;5,08
2515381;Seeds, sunflower seed, kernel, raw;-;18,9;48,4;24,5;7,22
2515382;Flour, coconut;-;16,1;15,3;58,9;34,2
2644281;Beans, cannellini, dry;-;21,6;2,2;59,8;-
2644282;Chickpeas, (garbanzo beans, bengal gram), dry;-;21,3;6,27;60,4;-
2644283;Lentils, dry;-;23,6;1,92;62,2;-
2644284;Blackeye pea, dry;-;21,2;2,42;61,8;-
2644285;Beans, black, canned, sodium added, drained and rinsed;-;6,91;1,27;19,8;-
2644286;Beans, navy, canned, sodium added, drained and rinsed;-;6,57;1,4;20;-
2644287;Beans, cannellini, canned, sodium added, drained and rinsed;-;7,41;1,17;18,8;-
2644288;Chickpeas (garbanzo beans, bengal gram), canned, sodium added, drained and rinsed;-;7,02;3,1;20,3;-
2644289;Beans, kidney, dark red, canned, sodium added, sugar added, drained and rinsed;-;7,8;1,26;21;-
2644290;Beans, kidney, light red, canned, sodium added, sugar added, drained and rinsed;-;7,31;1,3;21,4;-
2644291;Peas, green, sweet, canned, sodium added, sugar added, drained and rinsed;-;4,73;1,15;12,7;-
2644292;Beans, pinto, canned, sodium added, drained and rinsed;-;6,69;1,27;19,6;-
2644293;Blackeye pea, canned, sodium added, drained and rinsed;-;6,92;1,3;19,2;-
2644294;Beans, great northern, canned, sodium added, drained and rinsed;-;7,03;1,27;19,3;-
2646168;Pork, loin, boneless, raw;-;21,1;9,47;-;-
2646169;Pork, loin, tenderloin, boneless, raw;-;21,6;3,9;-;-
2646170;Chicken, breast, boneless, skinless, raw;-;22,5;1,93;-;-
2646171;Chicken, thigh, boneless, skinless, raw;-;18,6;7,92;-;-
2646172;Beef, ribeye, steak, boneless, choice, raw;-;18,7;20;-;-
2646173;Beef, round, top round, boneless, choice, raw;-;21,5;5,7;0,852;-
2646174;Beef, chuck, roast, boneless, choice, raw;-;18,4;17,8;-;-
2646175;Beef, flank, steak, boneless, choice, raw;-;20,1;9,4;-;-
2647437;Yogurt, plain, nonfat;-;4,23;0,087;8,08;-
2647438;Cheese, monterey jack, solid;-;22,6;32,6;1,9;-
2647439;Cheese, pasteurized process cheese food or product, American, singles;-;15,6;23,9;8,19;-
2647440;Cheese, provolone, sliced;-;23,5;28,1;2,45;-
2647441;Cheese, oaxaca, solid;-;22,1;22,1;2,4;-
2647442;Cheese, queso fresco, solid;-;18,9;23,4;2,96;-
2647443;Cheese, cotija, solid;-;23,8;27,2;2,72;-
2684440;Fish, salmon, sockeye, wild caught, raw;-;22,3;4,94;-;-
2684441;Fish, salmon, Atlantic, farm raised, raw;-;20,3;13,1;-;-
2684442;Fish, tilapia, farm raised, raw;-;19;2,48;-;-
2684443;Crustaceans, shrimp, farm raised, raw;-;15,6;0,801;0,485;-
2684444;Fish, cod, Atlantic, wild caught, raw;-;16,1;0,668;-;-
2684445;Fish, catfish, farm raised, raw;-;16,5;7,31;-;-
2684446;Crustaceans, crab, blue swimming, lump, pasteurized, refrigerated;-;18,6;0,808;-;-
2685568;Squash, summer, green, zucchini, includes skin, raw;-;0,984;0,205;3,27;0,752
2685569;Squash, summer, yellow, includes skin, raw;-;0,891;0,135;4,39;0,956
2685570;Squash, winter, butternut, raw;-;1,15;0,168;10,5;1,96
2685571;Squash, winter, acorn, raw;-;1,25;0,182;10,5;2,64
2685572;Cabbage, bok choy, raw;-;1,02;0,234;3,51;1,26
2685573;Cauliflower, raw;-;1,64;0,238;4,72;1,95
2685574;Collards, raw;-;2,97;0,77;7,02;3,82
2685575;Brussels sprouts, raw;-;3,98;0,565;9,62;4,78
2685576;Beets, raw;-;1,69;0,302;8,79;3,12
2685577;Eggplant, raw;-;0,852;0,12;5,4;2,45
2685578;Tomatoes, whole, canned, solids and liquids, with salt added;-;0,868;0,206;4,29;0,872
2685579;Tomato, sauce, canned, with salt added;-;1,35;0,382;6,33;1,64
2685580;Tomato, paste, canned, without salt added;-;4,23;0,732;20,2;4,7
2685581;Tomatoes, crushed, canned;-;1,44;0,398;7,14;1,94
2685582;Tomato, puree, canned;-;1,58;0,265;8,04;1,97
2710815;Apricot, with skin, raw;-;0,961;0,405;10,2;1,51
2710816;Melons, honeydew, raw;-;0,531;0,216;8,15;-
2710817;Plantains, ripe, raw;-;1,16;0,893;31;2,12
2710818;Plantains, underripe, raw;-;1,23;0,685;33,6;2,53
2710819;Chia seeds, dry, raw;-;17;32,9;38,3;-
2710820;Bulgur, dry, raw;-;11,8;2,42;75,9;11,7
2710821;Wild rice, dry, raw;-;12,8;1,7;75,7;4,26
2710822;Arugula, baby, raw;-;1,65;0,325;5,37;2,28
2710823;Asparagus, green, raw;-;1,44;0,216;5,1;1,88
2710824;Avocado, Hass, peeled, raw;-;1,81;20,3;8,32;-
2710825;Rice, black, unenriched, raw;-;7,57;3,44;77,2;4,18
2710826;Corn, sweet, yellow and white kernels,  fresh, raw;-;2,79;1,63;14,7;2,43
2710827;Einkorn, grain, dry, raw;-;15,1;3,81;68,7;8,91
2710828;Farro, pearled, dry, raw;-;12,6;3,1;72,1;7,31
2710829;Fonio, grain, dry, raw;-;7,17;1,69;81,3;2,2
2710830;Khorasan, grain, dry, raw;-;14,8;2,8;71,8;10,5
2710831;Kiwifruit (kiwi), green, peeled, raw;-;1,01;0,64;13,8;2,13
2710832;Mandarin, seedless, peeled, raw;-;1,04;0,458;13,4;1,33
2710833;Mango, Tommy Atkins, peeled, raw;-;0,562;0,572;15,3;1,75
2710834;Mango, Ataulfo, peeled, raw;-;0,688;0,681;17,4;1,29
2710835;Corn flour, masa harina, white or yellow, dry, raw;-;7,56;4,34;76,7;7,04
2710836;Pear, Anjou, green, with skin, raw;-;0,312;0,371;14,8;2,64
2710837;Plum, black, with skin, raw;-;0,578;0,282;13,5;1,35
2710838;Rice, red, unenriched, dry, raw;-;8,56;3,44;76,2;4,2
2710839;Sorghum bran, white, unenriched, dry, raw;-;11,2;9,26;68,7;35
2710840;Sorghum flour, white, pearled, unenriched, dry, raw;-;10,2;3,24;73,5;3,3
2710841;Sorghum grain, white, pearled, unenriched, dry, raw;-;10,2;3,26;74,9;3,92
2710842;Sorghum, whole grain, white, dry, raw;-;10,1;4,22;73,6;8,27
2710843;Plantains, overripe, raw;-;1,17;0,99;29,2;1,79
2727566;Chicken, drumstick, meat and skin, raw;-;18,4;5,94;-0,475;-
2727567;Chicken, thigh, meat and skin, raw;-;17,1;13,4;-0,173;-
2727568;Chicken, wing, meat and skin, raw;-;18,4;10,6;-0,459;-
2727569;Chicken, breast, meat and skin, raw;-;21,4;4,78;-0,428;-
2727570;Lamb, ground, raw;-;17,5;18,6;-0,251;-
2727571;Bison, ground, raw;-;19,9;8,88;-0,15;-
2727572;Beef, short loin (NY strip steak), raw;-;21,3;11,5;0,221;-
2727573;Beef, tenderloin steak, raw;-;21,1;6,46;0,18;-
2727574;Beef, top sirloin steak, raw;-;22;5,71;0,218;-
2727575;Pork, chop, center cut, raw;-;22,8;5,48;-0,562;-
2727576;Pork, belly, with skin, raw;-;15,2;35,8;-0,705;-
2727577;Pawpaw, peeled, seeded, raw;-;1,15;-;-;3,3
2727578;Squash, pie pumpkin, peeled, seeded, raw;-;0,854;-;-;2,3
2727579;Squash, spaghetti, peeled, seeded, raw;-;0,792;-;-;1,4
2727580;Rutabaga, peeled, raw;-;0,888;-;-;2,9
2727581;Blackberries, raw;-;1,53;-;-;5,3
2727582;Tomatillos, dehusked, raw;-;1,06;-;-;1,7
2727583;Cabbage, napa, leaf, destemmed, raw;-;1,06;-;-;1,2
2727584;Leeks, bulb and greens, root removed, raw;-;1,47;-;-;3
2727585;Green onion, (scallion), bulb and greens, root removed, raw;-;0,669;-;-;2,3
2727586;Shallots, bulb, peeled, root removed, raw;-;1,38;-;-;2,2
2727587;Juice, prune, shelf-stable;-;0,423;-;-;-
2727588;Juice, pomegranate, from concentrate, shelf-stable;-;-;-;-;-
2727589;Juice, tart cherry, from concentrate, shelf-stable;-;0,147;-;-;-
2747652;Anchovies, canned in olive oil, with salt, drained;-;26,9;9,85;2,41;-
2747653;Beet greens, raw;-;1,61;0,144;4,66;2,58
2747654;Cod, Pacific or Alaskan, frozen, wild caught;-;14,2;0,216;0,524;-
2747655;Fennel, bulb, raw;-;0,922;0,14;5,49;2,05
2747656;Halibut, frozen, wild caught;-;19,1;0,592;-0,06;-
2747657;Lobster, tail only, frozen, wild caught;-;13;0,367;0,886;-
2747658;Mahi mahi, frozen, wild caught;-;19,8;0,377;0,287;-
2747659;Parsnips, raw;-;1,27;0,538;19,3;5,35
2747660;Peppers, banana or Hungarian wax, seeded, raw;-;0,723;0,131;4,97;1,79
2747661;Peppers, jalapeno, seeded, raw;-;0,621;0,149;5,08;1,72
2747662;Peppers, poblano, seeded, raw;-;1,43;0,191;5,14;2,07
2747663;Peppers, serrano, seeded, raw;-;0,856;0,141;6,14;2,52
2747664;Radicchio, raw;-;1,31;0,143;4,96;2,11
2747665;Radishes, red, raw;-;0,656;0,083;4,06;1,31
2747666;Scallops, bay, Patagonian, frozen, wild caught;-;16,4;0,419;2,28;-
2747667;Scallops, sea, frozen, wild caught;-;13,5;0,493;1,97;-
2747668;Sea bass, Chilean, frozen, wild caught;-;14,9;16,6;0,139;-
2747669;Snapper, frozen, wild caught;-;20,7;0,569;0,441;-
2747670;Snow crab, legs only, frozen  ;-;15,5;0,294;1,11;-
2747671;Squid (calamari), frozen, tubes only;-;8,81;0,551;0,932;-
2747672;Swordfish, frozen, wild caught;-;19,2;8,12;0,45;-
2747673;Tuna, ahi or yellowfin, frozen, wild caught;-;24,7;0,388;-0,104;-
2747674;Turnips, raw;-;0,953;0,119;7,27;1,92
2747675;Watermelon, seedless, flesh only, raw;-;0,871;-;-;-
2747676;Watermelon, seedless, rind only, raw;-;0,531;0,07;4,17;1,54